"search"	"gene"	"scaffold"	"start"	"stop"	"pval.treatment"	"pval.position"	"pval.treatment_x_position"	"adj.pval.treatment"	"adj.pval.position"	"adj.pval.treatment_x_position"	"uniprot.id"	"blastx.eval"	"prot.name"	"GO1"	"GO2"	"GO3"	"GO4"	"GO5"
"PGA_scaffold12__71_contigs__length_50438331:7674780"	"ID=maker-PGA_scaffold12__71_contigs__length_50438331-exonerate_protein2genome-gene-76.4;Name=maker-PGA_scaffold12__71_contigs__length_50438331-exonerate_protein2genome-gene-76.4"	"PGA_scaffold12__71_contigs__length_50438331"	7674781	7675195	4.75341595552153e-06	1.61549252612433e-36	0.8140049478395	9.50683191104306e-05	4.03873131531083e-36	0.859305274959441	"P17931"	3.15e-06	"Galectin-3 (Gal-3) (35 kDa lectin) (Carbohydrate-binding protein 35) (CBP 35) (Galactose-specific lectin 3) (Galactoside-binding protein) (GALBP) (IgE-binding protein) (L-31) (Laminin-binding protein) (Lectin L-29) (Mac-2 antigen)"	"antimicrobial humoral immune response mediated by antimicrobial peptide [GO:0061844]; eosinophil chemotaxis [GO:0048245]; epithelial cell differentiation [GO:0030855]; innate immune response [GO:0045087]; killing of cells of other organism [GO:0031640]; macrophage chemotaxis [GO:0048246]; monocyte chemotaxis [GO:0002548]; mononuclear cell migration [GO:0071674]; mRNA processing [GO:0006397]; negative regulation of endocytosis [GO:0045806]; negative regulation of extrinsic apoptotic signaling pathway [GO:2001237]; negative regulation of immunological synapse formation [GO:2000521]; negative regulation of T cell activation via T cell receptor contact with antigen bound to MHC molecule on antigen presenting cell [GO:2001189]; negative regulation of T cell receptor signaling pathway [GO:0050860]; neutrophil chemotaxis [GO:0030593]; neutrophil degranulation [GO:0043312]; positive chemotaxis [GO:0050918]; positive regulation of calcium ion import [GO:0090280]; positive regulation of mononuclear cell migration [GO:0071677]; regulation of extrinsic apoptotic signaling pathway via death domain receptors [GO:1902041]; regulation of T cell apoptotic process [GO:0070232]; regulation of T cell proliferation [GO:0042129]; RNA splicing [GO:0008380]"	"cytoplasm [GO:0005737]; extracellular exosome [GO:0070062]; extracellular space [GO:0005615]; ficolin-1-rich granule membrane [GO:0101003]; immunological synapse [GO:0001772]; membrane [GO:0016020]; mitochondrial inner membrane [GO:0005743]; nucleus [GO:0005634]; other organism cell [GO:0044216]; plasma membrane [GO:0005886]; secretory granule membrane [GO:0030667]; spliceosomal complex [GO:0005681]"	"carbohydrate binding [GO:0030246]; chemoattractant activity [GO:0042056]; IgE binding [GO:0019863]; laminin binding [GO:0043236]; oligosaccharide binding [GO:0070492]; RNA binding [GO:0003723]"	"cytoplasm [GO:0005737]; extracellular exosome [GO:0070062]; extracellular space [GO:0005615]; ficolin-1-rich granule membrane [GO:0101003]; immunological synapse [GO:0001772]; membrane [GO:0016020]; mitochondrial inner membrane [GO:0005743]; nucleus [GO:0005634]; other organism cell [GO:0044216]; plasma membrane [GO:0005886]; secretory granule membrane [GO:0030667]; spliceosomal complex [GO:0005681]; carbohydrate binding [GO:0030246]; chemoattractant activity [GO:0042056]; IgE binding [GO:0019863]; laminin binding [GO:0043236]; oligosaccharide binding [GO:0070492]; RNA binding [GO:0003723]; antimicrobial humoral immune response mediated by antimicrobial peptide [GO:0061844]; eosinophil chemotaxis [GO:0048245]; epithelial cell differentiation [GO:0030855]; innate immune response [GO:0045087]; killing of cells of other organism [GO:0031640]; macrophage chemotaxis [GO:0048246]; monocyte chemotaxis [GO:0002548]; mononuclear cell migration [GO:0071674]; mRNA processing [GO:0006397]; negative regulation of endocytosis [GO:0045806]; negative regulation of extrinsic apoptotic signaling pathway [GO:2001237]; negative regulation of immunological synapse formation [GO:2000521]; negative regulation of T cell activation via T cell receptor contact with antigen bound to MHC molecule on antigen presenting cell [GO:2001189]; negative regulation of T cell receptor signaling pathway [GO:0050860]; neutrophil chemotaxis [GO:0030593]; neutrophil degranulation [GO:0043312]; positive chemotaxis [GO:0050918]; positive regulation of calcium ion import [GO:0090280]; positive regulation of mononuclear cell migration [GO:0071677]; regulation of extrinsic apoptotic signaling pathway via death domain receptors [GO:1902041]; regulation of T cell apoptotic process [GO:0070232]; regulation of T cell proliferation [GO:0042129]; RNA splicing [GO:0008380]"	"GO:0001772; GO:0002548; GO:0003723; GO:0005615; GO:0005634; GO:0005681; GO:0005737; GO:0005743; GO:0005886; GO:0006397; GO:0008380; GO:0016020; GO:0019863; GO:0030246; GO:0030593; GO:0030667; GO:0030855; GO:0031640; GO:0042056; GO:0042129; GO:0043236; GO:0043312; GO:0044216; GO:0045087; GO:0045806; GO:0048245; GO:0048246; GO:0050860; GO:0050918; GO:0061844; GO:0070062; GO:0070232; GO:0070492; GO:0071674; GO:0071677; GO:0090280; GO:0101003; GO:1902041; GO:2000521; GO:2001189; GO:2001237"
"PGA_scaffold18__69_contigs__length_27737463:25439846"	"ID=maker-PGA_scaffold18__69_contigs__length_27737463-exonerate_est2genome-gene-254.0;Name=maker-PGA_scaffold18__69_contigs__length_27737463-exonerate_est2genome-gene-254.0"	"PGA_scaffold18__69_contigs__length_27737463"	25439847	25479614	0.00145744646636315	0.0466985367321804	0.0265245164634373	0.0129550797010058	0.0732526066387143	0.0624106269727936	"O08688"	1.02e-23	"Calpain-5 (EC 3.4.22.-) (New calpain 3) (nCL-3)"	"proteolysis [GO:0006508]"	"cell surface [GO:0009986]; cytoplasm [GO:0005737]; extracellular exosome [GO:0070062]; focal adhesion [GO:0005925]"	"calcium-dependent cysteine-type endopeptidase activity [GO:0004198]"	"cell surface [GO:0009986]; cytoplasm [GO:0005737]; extracellular exosome [GO:0070062]; focal adhesion [GO:0005925]; calcium-dependent cysteine-type endopeptidase activity [GO:0004198]; proteolysis [GO:0006508]"	"GO:0004198; GO:0005737; GO:0005925; GO:0006508; GO:0009986; GO:0070062"
"PGA_scaffold3__111_contigs__length_57743597:19283439"	"ID=maker-PGA_scaffold3__111_contigs__length_57743597-exonerate_protein2genome-gene-193.10;Name=maker-PGA_scaffold3__111_contigs__length_57743597-exonerate_protein2genome-gene-193.10"	"PGA_scaffold3__111_contigs__length_57743597"	19283440	19298219	0.00763600772373573	0.242913135555819	0.295556702929972	0.0484986380902	0.315984566576676	0.464816631365416	"Q704E8"	1.47e-23	"ATP-binding cassette sub-family B member 7, mitochondrial (ATP-binding cassette transporter 7) (ABC transporter 7 protein)"	"cellular iron ion homeostasis [GO:0006879]"	"integral component of membrane [GO:0016021]; mitochondrial inner membrane [GO:0005743]"	"ATPase activity, coupled to transmembrane movement of substances [GO:0042626]; ATP binding [GO:0005524]"	"integral component of membrane [GO:0016021]; mitochondrial inner membrane [GO:0005743]; ATP binding [GO:0005524]; ATPase activity, coupled to transmembrane movement of substances [GO:0042626]; cellular iron ion homeostasis [GO:0006879]"	"GO:0005524; GO:0005743; GO:0006879; GO:0016021; GO:0042626"
"PGA_scaffold3__111_contigs__length_57743597:42121599"	"ID=maker-PGA_scaffold3__111_contigs__length_57743597-exonerate_protein2genome-gene-421.2;Name=maker-PGA_scaffold3__111_contigs__length_57743597-exonerate_protein2genome-gene-421.2"	"PGA_scaffold3__111_contigs__length_57743597"	42121600	42133469	0.00848726166578499	2.94222707290339e-07	0.942565152150908	0.0484986380902	5.95894090714611e-07	0.960777148265018	"Q6AZB8"	5.28e-06	"Putative nuclease HARBI1 (EC 3.1.-.-) (Harbinger transposase-derived nuclease)"	""	"cytoplasm [GO:0005737]; nucleus [GO:0005634]"	"metal ion binding [GO:0046872]; nuclease activity [GO:0004518]"	"cytoplasm [GO:0005737]; nucleus [GO:0005634]; metal ion binding [GO:0046872]; nuclease activity [GO:0004518]"	"GO:0004518; GO:0005634; GO:0005737; GO:0046872"
"PGA_scaffold4__129_contigs__length_65288255:48482468"	"ID=maker-PGA_scaffold4__129_contigs__length_65288255-exonerate_est2genome-gene-485.4;Name=maker-PGA_scaffold4__129_contigs__length_65288255-exonerate_est2genome-gene-485.4"	"PGA_scaffold4__129_contigs__length_65288255"	48482469	48493952	0.00827247237395352	0	0	0.0484986380902	0	0	"Q9UHJ9"	4.81e-09	"Post-GPI attachment to proteins factor 2 (FGF receptor-activating protein 1)"	"GPI anchor biosynthetic process [GO:0006506]; intrinsic apoptotic signaling pathway in response to DNA damage by p53 class mediator [GO:0042771]; negative regulation of intrinsic apoptotic signaling pathway in response to DNA damage [GO:1902230]; signal transduction in response to DNA damage [GO:0042770]"	"endoplasmic reticulum membrane [GO:0005789]; Golgi membrane [GO:0000139]; integral component of membrane [GO:0016021]; nucleus [GO:0005634]"	"protein transporter activity [GO:0008565]"	"endoplasmic reticulum membrane [GO:0005789]; Golgi membrane [GO:0000139]; integral component of membrane [GO:0016021]; nucleus [GO:0005634]; protein transporter activity [GO:0008565]; GPI anchor biosynthetic process [GO:0006506]; intrinsic apoptotic signaling pathway in response to DNA damage by p53 class mediator [GO:0042771]; negative regulation of intrinsic apoptotic signaling pathway in response to DNA damage [GO:1902230]; signal transduction in response to DNA damage [GO:0042770]"	"GO:0000139; GO:0005634; GO:0005789; GO:0006506; GO:0008565; GO:0016021; GO:0042770; GO:0042771; GO:1902230"
"PGA_scaffold4__129_contigs__length_65288255:9378612"	"ID=maker-PGA_scaffold4__129_contigs__length_65288255-exonerate_est2genome-gene-94.6;Name=maker-PGA_scaffold4__129_contigs__length_65288255-exonerate_est2genome-gene-94.6"	"PGA_scaffold4__129_contigs__length_65288255"	9378613	9389862	0.000367063433240998	0	0	0.00489417910987997	0	0	"P51569"	1.07e-15	"Alpha-galactosidase A (EC 3.2.1.22) (Alpha-D-galactosidase A) (Alpha-D-galactoside galactohydrolase) (Melibiase)"	"glycoside catabolic process [GO:0016139]; glycosylceramide catabolic process [GO:0046477]; negative regulation of nitric oxide biosynthetic process [GO:0045019]; negative regulation of nitric-oxide synthase activity [GO:0051001]; oligosaccharide metabolic process [GO:0009311]"	"cytoplasm [GO:0005737]; extracellular exosome [GO:0070062]; extracellular region [GO:0005576]; extracellular space [GO:0005615]; Golgi apparatus [GO:0005794]; lysosome [GO:0005764]"	"alpha-galactosidase activity [GO:0004557]; catalytic activity [GO:0003824]; hydrolase activity [GO:0016787]; protein homodimerization activity [GO:0042803]; raffinose alpha-galactosidase activity [GO:0052692]; receptor binding [GO:0005102]"	"cytoplasm [GO:0005737]; extracellular exosome [GO:0070062]; extracellular region [GO:0005576]; extracellular space [GO:0005615]; Golgi apparatus [GO:0005794]; lysosome [GO:0005764]; alpha-galactosidase activity [GO:0004557]; catalytic activity [GO:0003824]; hydrolase activity [GO:0016787]; protein homodimerization activity [GO:0042803]; raffinose alpha-galactosidase activity [GO:0052692]; receptor binding [GO:0005102]; glycoside catabolic process [GO:0016139]; glycosylceramide catabolic process [GO:0046477]; negative regulation of nitric oxide biosynthetic process [GO:0045019]; negative regulation of nitric-oxide synthase activity [GO:0051001]; oligosaccharide metabolic process [GO:0009311]"	"GO:0003824; GO:0004557; GO:0005102; GO:0005576; GO:0005615; GO:0005737; GO:0005764; GO:0005794; GO:0009311; GO:0016139; GO:0016787; GO:0042803; GO:0045019; GO:0046477; GO:0051001; GO:0052692; GO:0070062"
"PGA_scaffold6__104_contigs__length_61759565:28097608"	"ID=maker-PGA_scaffold6__104_contigs__length_61759565-exonerate_est2genome-gene-281.0;Name=maker-PGA_scaffold6__104_contigs__length_61759565-exonerate_est2genome-gene-281.0"	"PGA_scaffold6__104_contigs__length_61759565"	28097609	28114033	3.70663918426965e-14	5.36073870045165e-111	6.16268941725456e-07	1.97687423161048e-12	1.38341643882623e-110	1.61644312583726e-06	"Q96WV6"	7.13e-16	"Uncharacterized threonine-rich GPI-anchored glycoprotein PJ4664.02"	"cell adhesion [GO:0007155]"	"anchored component of membrane [GO:0031225]; external side of cell wall [GO:0010339]; plasma membrane [GO:0005886]"	"cell adhesion molecule binding [GO:0050839]"	"anchored component of membrane [GO:0031225]; external side of cell wall [GO:0010339]; plasma membrane [GO:0005886]; cell adhesion molecule binding [GO:0050839]; cell adhesion [GO:0007155]"	"GO:0005886; GO:0007155; GO:0010339; GO:0031225; GO:0050839"
"PGA_scaffold6__104_contigs__length_61759565:28105412"	"ID=maker-PGA_scaffold6__104_contigs__length_61759565-exonerate_est2genome-gene-281.4;Name=maker-PGA_scaffold6__104_contigs__length_61759565-exonerate_est2genome-gene-281.4"	"PGA_scaffold6__104_contigs__length_61759565"	28105413	28105896	0.0079768204081262	0	0	0.0484986380902	0	0	"Q96WV6"	3.29e-11	"Uncharacterized threonine-rich GPI-anchored glycoprotein PJ4664.02"	"cell adhesion [GO:0007155]"	"anchored component of membrane [GO:0031225]; external side of cell wall [GO:0010339]; plasma membrane [GO:0005886]"	"cell adhesion molecule binding [GO:0050839]"	"anchored component of membrane [GO:0031225]; external side of cell wall [GO:0010339]; plasma membrane [GO:0005886]; cell adhesion molecule binding [GO:0050839]; cell adhesion [GO:0007155]"	"GO:0005886; GO:0007155; GO:0010339; GO:0031225; GO:0050839"
"PGA_scaffold6__104_contigs__length_61759565:53208815"	"ID=maker-PGA_scaffold6__104_contigs__length_61759565-exonerate_est2genome-gene-532.1;Name=maker-PGA_scaffold6__104_contigs__length_61759565-exonerate_est2genome-gene-532.1"	"PGA_scaffold6__104_contigs__length_61759565"	53208816	53233526	0.000983368176596867	0.000948202241317139	0.340767878439644	0.00925522989738228	0.00178485127777344	0.519265338574695	"G4SLH0"	2.32e-12	"Titin homolog (EC 2.7.11.1)"	"actin filament organization [GO:0007015]; sarcomere organization [GO:0045214]; striated muscle contraction [GO:0006941]; striated muscle myosin thick filament assembly [GO:0071688]"	"A band [GO:0031672]; I band [GO:0031674]; M band [GO:0031430]; muscle myosin complex [GO:0005859]; nuclear membrane [GO:0031965]; Z disc [GO:0030018]"	"actin filament binding [GO:0051015]; ATP binding [GO:0005524]; metal ion binding [GO:0046872]; muscle alpha-actinin binding [GO:0051371]; myosin binding [GO:0017022]; protein serine/threonine kinase activity [GO:0004674]; structural constituent of muscle [GO:0008307]; structural molecule activity conferring elasticity [GO:0097493]"	"A band [GO:0031672]; I band [GO:0031674]; M band [GO:0031430]; muscle myosin complex [GO:0005859]; nuclear membrane [GO:0031965]; Z disc [GO:0030018]; actin filament binding [GO:0051015]; ATP binding [GO:0005524]; metal ion binding [GO:0046872]; muscle alpha-actinin binding [GO:0051371]; myosin binding [GO:0017022]; protein serine/threonine kinase activity [GO:0004674]; structural constituent of muscle [GO:0008307]; structural molecule activity conferring elasticity [GO:0097493]; actin filament organization [GO:0007015]; sarcomere organization [GO:0045214]; striated muscle contraction [GO:0006941]; striated muscle myosin thick filament assembly [GO:0071688]"	"GO:0004674; GO:0005524; GO:0005859; GO:0006941; GO:0007015; GO:0008307; GO:0017022; GO:0030018; GO:0031430; GO:0031672; GO:0031674; GO:0031965; GO:0045214; GO:0046872; GO:0051015; GO:0051371; GO:0071688; GO:0097493"
